,STOP_ID,DIRECTION_ID,STOP_NAME,STATION_NAME,STATION_DESCRIPTIVE_NAME,MAP_ID,ADA,RED,BLUE,G,BRN,P,Pexp,Y,Pnk,O,Location,Lat,Long,Comm_Area
0,30082,E,Cicero (Loop-bound),Cicero,Cicero (Pink Line),40420,True,False,False,False,False,False,False,False,True,False,"41.85182, -87.745336",41.85182,-87.745336,0
1,30151,E,Central Park (Loop-bound),Central Park,Central Park (Pink Line),40780,True,False,False,False,False,False,False,False,True,False,"41.853839, -87.714842",41.853839,-87.714842,29
2,30184,W,Halsted/63rd (Ashland-bound),Halsted,Halsted (Green Line),40940,True,False,False,True,False,False,False,False,False,False,"41.778943, -87.644244",41.778943,-87.644244,68
3,30044,N,Cumberland (O'Hare-bound),Cumberland,Cumberland (Blue Line),40230,True,False,True,False,False,False,False,False,False,False,"41.984246, -87.838028",41.984246,-87.838028,76
4,30092,E,Racine (O'Hare-bound),Racine,Racine (Blue Line),40470,False,False,True,False,False,False,False,False,False,False,"41.87592, -87.659458",41.87592,-87.659458,28
5,30253,N,Paulina (Kimball-bound),Paulina,Paulina (Brown Line),41310,True,False,False,False,True,False,False,False,False,False,"41.943623, -87.670907",41.943623,-87.670907,6
6,30162,W,18th (54th/Cermak-bound),18th,18th (Pink Line),40830,True,False,False,False,False,False,False,False,True,False,"41.857908, -87.669147",41.857908,-87.669147,31
7,30374,S,Clark/Lake (Forest Pk-bound),Clark/Lake,"Clark/Lake (Blue, Brown, Green, Orange, Purple & Pink lines)",40380,True,False,True,False,False,False,False,False,False,False,"41.885737, -87.630886",41.885737,-87.630886,32
8,30248,S,Jefferson Park (Forest Pk-bound),Jefferson Park,Jefferson Park (Blue Line),41280,True,False,True,False,False,False,False,False,False,False,"41.970634, -87.760892",41.970634,-87.760892,11
9,30104,S,Diversey (Loop-bound),Diversey,Diversey (Brown & Purple lines),40530,True,False,False,False,True,False,True,False,False,False,"41.932732, -87.653131",41.932732,-87.653131,6
10,30287,N,Montrose (Kimball-bound),Montrose,Montrose (Brown Line),41500,True,False,False,False,True,False,False,False,False,False,"41.961756, -87.675047",41.961756,-87.675047,4
11,30068,E,UIC-Halsted (O'Hare-bound),UIC-Halsted,UIC-Halsted (Blue Line),40350,True,False,True,False,False,False,False,False,False,False,"41.875474, -87.649707",41.875474,-87.649707,28
12,30214,S,35-Bronzeville-IIT (63rd-bound),35th-Bronzeville-IIT,35th-Bronzeville-IIT (Green Line),41120,True,False,False,True,False,False,False,False,False,False,"41.831677, -87.625826",41.831677,-87.625826,35
13,30102,S,Foster (Howard-Loop-bound),Foster,Foster (Purple Line),40520,False,False,False,False,False,True,True,False,False,False,"42.05416, -87.68356",42.05416,-87.68356,0
14,30008,S,Quincy/Wells (Outer Loop),Quincy/Wells,"Quincy/Wells (Brown, Orange, Purple & Pink lines)",40040,True,False,False,False,True,False,False,False,False,False,"41.878723, -87.63374",41.878723,-87.63374,32
15,30070,N,Southport (Kimball-bound),Southport,Southport (Brown Line),40360,True,False,False,False,True,False,False,False,False,False,"41.943744, -87.663619",41.943744,-87.663619,6
16,30252,S,Loyola (95th-bound),Loyola,Loyola (Red Line),41300,True,True,False,False,False,False,False,False,False,False,"42.001073, -87.661061",42.001073,-87.661061,1
17,30237,N,47th (Howard-bound),47th,47th (Red Line),41230,True,True,False,False,False,False,False,False,False,False,"41.810318, -87.63094",41.810318,-87.63094,37
18,30267,N,Bryn Mawr (Howard-bound),Bryn Mawr,Bryn Mawr (Red Line),41380,False,True,False,False,False,False,False,False,False,False,"41.983504, -87.65884",41.983504,-87.65884,77
19,30190,W,Harlem (Forest Pk Branch) (Terminal arrival),Harlem,Harlem (Blue Line - Forest Park Branch),40980,False,False,True,False,False,False,False,False,False,False,"41.87349, -87.806961",41.87349,-87.806961,0
20,30173,N,Howard (Terminal arrival),Howard,"Howard (Red, Purple & Yellow lines)",40900,True,True,False,False,False,False,False,False,False,False,"42.019063, -87.672892",42.019063,-87.672892,1
21,30207,E,Kedzie (63rd-bound),Kedzie,Kedzie (Green Line),41070,True,False,False,True,False,False,False,False,False,False,"41.884321, -87.706155",41.884321,-87.706155,27
22,30218,W,King Drive (Harlem-bound),King Drive,King Drive (Green Line),41140,True,False,False,True,False,False,False,False,False,False,"41.78013, -87.615546",41.78013,-87.615546,42
23,30057,W,Ashland/63rd (Terminal arrival),Ashland/63rd,Ashland/63rd (Green Line),40290,True,False,False,True,False,False,False,False,False,False,"41.77886, -87.663766",41.77886,-87.663766,67
24,30088,N,95th/Dan Ryan (Howard-bound),95th/Dan Ryan,95th/Dan Ryan (Red Line),40450,True,True,False,False,False,False,False,False,False,False,"41.722377, -87.624342",41.722377,-87.624342,49
25,30129,N,Western (O'Hare Branch) (O'Hare-bound),Western,Western (Blue Line - O'Hare Branch),40670,True,False,True,False,False,False,False,False,False,False,"41.916157, -87.687364",41.916157,-87.687364,22
26,30128,S,Armitage (Loop-bound),Armitage,Armitage (Brown & Purple lines),40660,True,False,False,False,True,False,True,False,False,False,"41.918217, -87.652644",41.918217,-87.652644,7
27,30089,S,95th/Dan Ryan (95th-bound),95th/Dan Ryan,95th/Dan Ryan (Red Line),40450,True,True,False,False,False,False,False,False,False,False,"41.722377, -87.624342",41.722377,-87.624342,49
28,30269,N,Roosevelt (Howard-bound),Roosevelt,"Roosevelt (Red, Orange & Green lines)",41400,True,True,False,False,False,False,False,False,False,False,"41.867368, -87.627402",41.867368,-87.627402,33
29,30256,S,Belmont (95th-bound),Belmont,"Belmont (Red, Brown & Purple lines)",41320,True,True,False,False,False,False,False,False,False,False,"41.939751, -87.65338",41.939751,-87.65338,6
30,30114,W,54th/Cermak (Terminal arrival),54th/Cermak,54th/Cermak (Pink Line),40580,True,False,False,False,False,False,False,False,True,False,"41.85177331, -87.75669201",41.85177331,-87.75669201,0
31,30217,E,King Drive (Cottage Grove-bound),King Drive,King Drive (Green Line),41140,True,False,False,True,False,False,False,False,False,False,"41.78013, -87.615546",41.78013,-87.615546,42
32,30134,S,Dempster (Howard-Loop-bound),Dempster,Dempster (Purple Line),40690,False,False,False,False,False,True,True,False,False,False,"42.041655, -87.681602",42.041655,-87.681602,0
33,30236,S,Fullerton (Loop-bound),Fullerton,"Fullerton (Red, Brown & Purple lines)",41220,True,False,False,False,True,False,True,False,False,False,"41.925051, -87.652866",41.925051,-87.652866,7
34,30149,N,Lawrence (Howard-bound),Lawrence,Lawrence (Red Line),40770,False,True,False,False,False,False,False,False,False,False,"41.969139, -87.658493",41.969139,-87.658493,3
35,30158,W,Illinois Medical District (Forest Pk-bound),Illinois Medical District,Illinois Medical District (Blue Line),40810,True,False,True,False,False,False,False,False,False,False,"41.875706, -87.673932",41.875706,-87.673932,28
36,30290,S,Lake (95th-bound),Lake,Lake (Red Line),41660,True,True,False,False,False,False,False,False,False,False,"41.884809, -87.627813",41.884809,-87.627813,32
37,30047,S,79th (95th-bound),79th,79th (Red Line),40240,True,True,False,False,False,False,False,False,False,False,"41.750419, -87.625112",41.750419,-87.625112,44
38,30243,E,Austin (63rd-bound),Austin,Austin (Green Line),41260,False,False,False,True,False,False,False,False,False,False,"41.887293, -87.774135",41.887293,-87.774135,25
39,30084,E,Clinton (O'Hare-bound),Clinton,Clinton (Blue Line),40430,False,False,True,False,False,False,False,False,False,False,"41.875539, -87.640984",41.875539,-87.640984,28
40,30231,N,Wellington (Kimball-Linden-bound),Wellington,Wellington (Brown & Purple lines),41210,True,False,False,False,True,False,True,False,False,False,"41.936033, -87.653266",41.936033,-87.653266,6
41,30175,N,"Howard (Linden, Skokie-bound)",Howard,"Howard (Red, Purple & Yellow lines)",40900,True,False,False,False,False,True,True,True,False,False,"42.019063, -87.672892",42.019063,-87.672892,1
42,30263,E,Oak Park (63rd-bound),Oak Park,Oak Park (Green Line),41350,False,False,False,True,False,False,False,False,False,False,"41.886988, -87.793783",41.886988,-87.793783,0
43,30130,S,Western (O'Hare Branch) (Forest Pk-bound),Western,Western (Blue Line - O'Hare Branch),40670,True,False,True,False,False,False,False,False,False,False,"41.916157, -87.687364",41.916157,-87.687364,22
44,30268,S,Bryn Mawr (95th-bound),Bryn Mawr,Bryn Mawr (Red Line),41380,False,True,False,False,False,False,False,False,False,False,"41.983504, -87.65884",41.983504,-87.65884,77
45,30279,N,Chicago (Howard-bound),Chicago,Chicago (Red Line),41450,True,True,False,False,False,False,False,False,False,False,"41.896671, -87.628176",41.896671,-87.628176,8
46,30155,N,Sedgwick (Kimball-Linden-bound),Sedgwick,Sedgwick (Brown & Purple lines),40800,True,False,False,False,True,False,True,False,False,False,"41.910409, -87.639302",41.910409,-87.639302,8
47,30239,N,Addison (O'Hare-bound),Addison,Addison (Blue Line),41240,True,False,True,False,False,False,False,False,False,False,"41.94738, -87.71906",41.94738,-87.71906,16
48,30288,S,Montrose (Loop-bound),Montrose,Montrose (Brown Line),41500,True,False,False,False,True,False,False,False,False,False,"41.961756, -87.675047",41.961756,-87.675047,4
49,30015,S,Jackson/Dearborn (Forest Pk-bound),Jackson,Jackson (Blue Line),40070,True,False,True,False,False,False,False,False,False,False,"41.878183, -87.629296",41.878183,-87.629296,32
50,30202,W,Kedzie (54th/Cermak-bound),Kedzie,Kedzie (Pink Line),41040,True,False,False,False,False,False,False,False,True,False,"41.853964, -87.705408",41.853964,-87.705408,29
51,30154,S,Monroe (Forest Pk-bound),Monroe,Monroe (Blue Line),40790,False,False,True,False,False,False,False,False,False,False,"41.880703, -87.629378",41.880703,-87.629378,32
52,30195,N,Rockwell (Kimball-bound),Rockwell,Rockwell (Brown Line),41010,True,False,False,False,True,False,False,False,False,False,"41.966115, -87.6941",41.966115,-87.6941,4
53,30041,W,Damen (54th/Cermak-bound),Damen,Damen (Pink Line),40210,True,False,False,False,False,False,False,False,True,False,"41.854517, -87.675975",41.854517,-87.675975,31
54,30180,W,Pulaski (Forest Pk-bound),Pulaski,Pulaski (Blue Line),40920,False,False,True,False,False,False,False,False,False,False,"41.873797, -87.725663",41.873797,-87.725663,26
55,30101,N,Foster (Linden-bound),Foster,Foster (Purple Line),40520,False,False,False,False,False,True,True,False,False,False,"42.05416, -87.68356",42.05416,-87.68356,0
56,30004,W,Harlem (Terminal arrival),Harlem/Lake,Harlem/Lake (Green Line),40020,True,False,False,True,False,False,False,False,False,False,"41.886848, -87.803176",41.886848,-87.803176,0
57,30384,S,Washington/Wabash (Inner Loop),Washington/Wabash,"Washington/Wabash (Brown, Green, Orange, Purple & Pink lines)",41700,True,False,False,True,False,False,True,False,True,True,"41.88322, -87.626189",41.88322,-87.626189,32
58,30266,W,California (Harlem-bound),California,California (Green Line),41360,True,False,False,True,False,False,False,False,False,False,"41.88422, -87.696234",41.88422,-87.696234,27
59,30021,S,Morse (95th-bound),Morse,Morse (Red Line),40100,False,True,False,False,False,False,False,False,False,False,"42.008362, -87.665909",42.008362,-87.665909,1
60,30060,N,Western (Loop-bound),Western,Western (Orange Line),40310,True,False,False,False,False,False,False,False,False,True,"41.804546, -87.684019",41.804546,-87.684019,63
61,30096,S,Grand/Milwaukee (Forest Pk-bound),Grand,Grand (Blue Line),40490,False,False,True,False,False,False,False,False,False,False,"41.891189, -87.647578",41.891189,-87.647578,24
62,30375,N,Clark/Lake (O'Hare-bound),Clark/Lake,"Clark/Lake (Blue, Brown, Green, Orange, Purple & Pink lines)",40380,True,False,True,False,False,False,False,False,False,False,"41.885737, -87.630886",41.885737,-87.630886,32
63,30095,N,Grand/Milwaukee (O'Hare-bound),Grand,Grand (Blue Line),40490,False,False,True,False,False,False,False,False,False,False,"41.891189, -87.647578",41.891189,-87.647578,24
64,30062,N,Division (O'Hare-bound),Division,Division (Blue Line),40320,False,False,True,False,False,False,False,False,False,False,"41.903355, -87.666496",41.903355,-87.666496,24
65,30185,N,Pulaski (Loop-bound),Pulaski,Pulaski (Orange Line),40960,True,False,False,False,False,False,False,False,False,True,"41.799756, -87.724493",41.799756,-87.724493,62
66,30161,E,18th (Loop-bound),18th,18th (Pink Line),40830,True,False,False,False,False,False,False,False,True,False,"41.857908, -87.669147",41.857908,-87.669147,31
67,30293,N,Sheridan (Howard-Linden-bound),Sheridan,Sheridan (Red Line),40080,False,False,False,False,False,False,False,False,False,False,"41.953775, -87.654929",41.953775,-87.654929,6
68,30272,S,Chicago (Forest Pk-bound),Chicago,Chicago (Blue Line),41410,False,False,True,False,False,False,False,False,False,False,"41.896075, -87.655214",41.896075,-87.655214,24
69,30090,N,Merchandise Mart (Kimball-Linden-bound),Merchandise Mart,Merchandise Mart (Brown & Purple lines),40460,True,False,False,False,True,False,True,False,False,False,"41.888969, -87.633924",41.888969,-87.633924,8
70,30061,S,Western (Midway-bound),Western,Western (Orange Line),40310,True,False,False,False,False,False,False,False,False,True,"41.804546, -87.684019",41.804546,-87.684019,63
71,30171,N,O'Hare (Terminal Arrival),O'Hare,O'Hare (Blue Line),40890,True,False,True,False,False,False,False,False,False,False,"41.97766526, -87.90422307",41.97766526,-87.90422307,76
72,30245,N,43rd (Harlem-bound),43rd,43rd (Green Line),41270,True,False,False,True,False,False,False,False,False,False,"41.816462, -87.619021",41.816462,-87.619021,38
73,30093,W,Racine (Forest Pk-bound),Racine,Racine (Blue Line),40470,False,False,True,False,False,False,False,False,False,False,"41.87592, -87.659458",41.87592,-87.659458,28
74,30265,E,California (63rd-bound),California,California (Green Line),41360,True,False,False,True,False,False,False,False,False,False,"41.88422, -87.696234",41.88422,-87.696234,27
75,30063,S,Division (Forest Pk-bound),Division,Division (Blue Line),40320,False,False,True,False,False,False,False,False,False,False,"41.903355, -87.666496",41.903355,-87.666496,24
76,30036,N,Sox-35th (Howard-bound),Sox-35th,Sox-35th (Red Line),40190,True,True,False,False,False,False,False,False,False,False,"41.831191, -87.630636",41.831191,-87.630636,34
77,30083,W,Cicero (54th/Cermak-bound),Cicero,Cicero (Pink Line),40420,True,False,False,False,False,False,False,False,True,False,"41.85182, -87.745336",41.85182,-87.745336,0
78,30198,S,Logan Square (Forest Pk-bound),Logan Square,Logan Square (Blue Line),41020,True,False,True,False,False,False,False,False,False,False,"41.929728, -87.708541",41.929728,-87.708541,22
79,30020,N,Morse (Howard-bound),Morse,Morse (Red Line),40100,False,True,False,False,False,False,False,False,False,False,"42.008362, -87.665909",42.008362,-87.665909,1
80,30115,N,Damen/Milwaukee (O'Hare-bound),Damen,Damen (Blue Line),40590,False,False,True,False,False,False,False,False,False,False,"41.909744, -87.677437",41.909744,-87.677437,24
81,30156,S,Sedgwick (Loop-bound),Sedgwick,Sedgwick (Brown & Purple lines),40800,True,False,False,False,True,False,True,False,False,False,"41.910409, -87.639302",41.910409,-87.639302,8
82,30240,S,Addison (Forest Pk-bound),Addison,Addison (Blue Line),41240,True,False,True,False,False,False,False,False,False,False,"41.94738, -87.71906",41.94738,-87.71906,16
83,30032,E,Ashland (Loop-63rd-bound),Ashland,Ashland (Green & Pink lines),40170,True,False,False,True,False,False,False,False,True,False,"41.885269, -87.666969",41.885269,-87.666969,28
84,30108,S,Irving Park (O'Hare Branch) (Forest Pk-bound),Irving Park,Irving Park (Blue Line),40550,False,False,True,False,False,False,False,False,False,False,"41.952925, -87.729229",41.952925,-87.729229,16
85,30386,N,Wilson (Linden-bound),Wilson,Wilson (Red & Purple lines),40540,True,False,False,False,False,False,True,False,False,False,"41.964273, -87.657588",41.964273,-87.657588,3
86,30193,N,Cermak-Chinatown (Howard-bound),Cermak-Chinatown,Cermak-Chinatown (Red Line),41000,True,True,False,False,False,False,False,False,False,False,"41.853206, -87.630968",41.853206,-87.630968,34
87,30262,W,LaSalle (Forest Pk-bound),LaSalle,LaSalle (Blue Line),41340,False,False,True,False,False,False,False,False,False,False,"41.875568, -87.631722",41.875568,-87.631722,32
88,30169,N,Thorndale (Howard-bound),Thorndale,Thorndale (Red Line),40880,False,True,False,False,False,False,False,False,False,False,"41.990259, -87.659076",41.990259,-87.659076,77
89,30046,N,79th (Howard-bound),79th,79th (Red Line),40240,True,True,False,False,False,False,False,False,False,False,"41.750419, -87.625112",41.750419,-87.625112,44
90,30147,N,Granville (Howard-bound),Granville,Granville (Red Line),40760,True,True,False,False,False,False,False,False,False,False,"41.993664, -87.659202",41.993664,-87.659202,77
91,30014,N,Jackson/Dearborn (O'Hare-bound),Jackson,Jackson (Blue Line),40070,True,False,True,False,False,False,False,False,False,False,"41.878183, -87.629296",41.878183,-87.629296,32
92,30274,S,Addison (95th-bound),Addison,Addison (Red Line),41420,True,True,False,False,False,False,False,False,False,False,"41.947428, -87.653626",41.947428,-87.653626,6
93,30085,W,Clinton (Forest Pk-bound),Clinton,Clinton (Blue Line),40430,False,False,True,False,False,False,False,False,False,False,"41.875539, -87.640984",41.875539,-87.640984,28
94,30264,W,Oak Park (Harlem-bound),Oak Park,Oak Park (Green Line),41350,False,False,False,True,False,False,False,False,False,False,"41.886988, -87.793783",41.886988,-87.793783,0
95,30196,S,Rockwell (Loop-bound),Rockwell,Rockwell (Brown Line),41010,True,False,False,False,True,False,False,False,False,False,"41.966115, -87.6941",41.966115,-87.6941,4
96,30150,S,Lawrence (95th-bound),Lawrence,Lawrence (Red Line),40770,False,True,False,False,False,False,False,False,False,False,"41.969139, -87.658493",41.969139,-87.658493,3
97,30054,E,Central (63rd-bound),Central,Central (Green Line),40280,True,False,False,True,False,False,False,False,False,False,"41.887389, -87.76565",41.887389,-87.76565,25
98,30292,W,Conservatory (Harlem-bound),Conservatory,Conservatory (Green Line),41670,True,False,False,True,False,False,False,False,False,False,"41.884904, -87.716523",41.884904,-87.716523,27
99,30232,S,Wellington (Loop-bound),Wellington,Wellington (Brown & Purple lines),41210,True,False,False,False,True,False,True,False,False,False,"41.936033, -87.653266",41.936033,-87.653266,6
100,30078,N,Noyes (Linden-bound),Noyes,Noyes (Purple Line),40400,False,False,False,False,False,True,True,False,False,False,"42.058282, -87.683337",42.058282,-87.683337,0
101,30157,E,Illinois Medical District (O'Hare-bound),Illinois Medical District,Illinois Medical District (Blue Line),40810,True,False,True,False,False,False,False,False,False,False,"41.875706, -87.673932",41.875706,-87.673932,28
102,30209,N,47th (Harlem-bound),47th,47th (Green Line),41080,True,False,False,True,False,False,False,False,False,False,"41.809209, -87.618826",41.809209,-87.618826,38
103,30289,N,Lake (Howard-bound),Lake,Lake (Red Line),41660,True,True,False,False,False,False,False,False,False,False,"41.884809, -87.627813",41.884809,-87.627813,32
104,30257,N,Belmont (Kimball-Linden-bound),Belmont,"Belmont (Red, Brown & Purple lines)",41320,True,False,False,False,True,False,True,False,False,False,"41.939751, -87.65338",41.939751,-87.65338,6
105,30228,S,Jarvis (95th-bound),Jarvis,Jarvis (Red Line),41190,False,True,False,False,False,False,False,False,False,False,"42.015876, -87.669092",42.015876,-87.669092,1
106,30216,S,Halsted (Midway-bound),Halsted,Halsted (Orange Line),41130,True,False,False,False,False,False,False,False,False,True,"41.84678, -87.648088",41.84678,-87.648088,60
107,30011,S,Davis (Howard-Loop-bound),Davis,Davis (Purple Line),40050,True,False,False,False,False,True,True,False,False,False,"42.04771, -87.683543",42.04771,-87.683543,0
108,30270,S,Roosevelt (95th-bound),Roosevelt,"Roosevelt (Red, Orange & Green lines)",41400,True,True,False,False,False,False,False,False,False,False,"41.867368, -87.627402",41.867368,-87.627402,33
109,30233,N,Fullerton (Howard-bound),Fullerton,"Fullerton (Red, Brown & Purple lines)",41220,True,True,False,False,False,False,False,False,False,False,"41.925051, -87.652866",41.925051,-87.652866,7
110,30079,S,Noyes (Howard-Loop-bound),Noyes,Noyes (Purple Line),40400,False,False,False,False,False,True,True,False,False,False,"42.058282, -87.683337",42.058282,-87.683337,0
111,30137,N,Chicago (Kimball-Linden-bound),Chicago,Chicago (Brown & Purple lines),40710,True,False,False,False,True,False,True,False,False,False,"41.89681, -87.635924",41.89681,-87.635924,8
112,30261,E,LaSalle (O'Hare-bound),LaSalle,LaSalle (Blue Line),41340,False,False,True,False,False,False,False,False,False,False,"41.875568, -87.631722",41.875568,-87.631722,32
113,30211,N,Monroe (Howard-bound),Monroe,Monroe (Red Line),41090,False,True,False,False,False,False,False,False,False,False,"41.880745, -87.627696",41.880745,-87.627696,32
114,30291,E,Conservatory (63rd-bound),Conservatory,Conservatory (Green Line),41670,True,False,False,True,False,False,False,False,False,False,"41.884904, -87.716523",41.884904,-87.716523,27
115,30225,N,Kedzie (Kimball-bound),Kedzie,Kedzie (Brown Line),41180,True,False,False,False,True,False,False,False,False,False,"41.965996, -87.708821",41.965996,-87.708821,14
116,30024,N,51st (Harlem-bound),51st,51st (Green Line),40130,True,False,False,True,False,False,False,False,False,False,"41.80209, -87.618487",41.80209,-87.618487,38
117,30099,N,Garfield (Harlem-bound),Garfield,Garfield (Green Line),40510,True,False,False,True,False,False,False,False,False,False,"41.795172, -87.618327",41.795172,-87.618327,40
118,30206,S,Ashland (Midway-bound),Ashland,Ashland (Orange Line),41060,True,False,False,False,False,False,False,False,False,True,"41.839234, -87.665317",41.839234,-87.665317,31
119,30064,N,Grand/State (Howard-bound),Grand,Grand (Red Line),40330,True,True,False,False,False,False,False,False,False,False,"41.891665, -87.628021",41.891665,-87.628021,8
120,30381,N,Cermak-McCormick Place (Harlem-bound),Cermak-McCormick Place,Cermak-McCormick Place (Green Line),41690,True,False,False,True,False,False,False,False,False,False,"41.853115, -87.626402",41.853115,-87.626402,33
121,30100,S,Garfield (63rd-bound),Garfield,Garfield (Green Line),40510,True,False,False,True,False,False,False,False,False,False,"41.795172, -87.618327",41.795172,-87.618327,40
122,30200,W,Polk (54th/Cermak-bound),Polk,Polk (Pink Line),41030,True,False,False,False,False,False,False,False,True,False,"41.871551, -87.66953",41.871551,-87.66953,28
123,30018,N,Damen (Kimball-bound),Damen,Damen (Brown Line),40090,True,False,False,False,True,False,False,False,False,False,"41.966286, -87.678639",41.966286,-87.678639,4
124,30029,W,Pulaski (54th/Cermak-bound),Pulaski,Pulaski (Pink Line),40150,True,False,False,False,False,False,False,False,True,False,"41.853732, -87.724311",41.853732,-87.724311,29
125,30022,N,35th/Archer (Loop-bound),35th/Archer,35th/Archer (Orange Line),40120,True,False,False,False,False,False,False,False,False,True,"41.829353, -87.680622",41.829353,-87.680622,59
126,30164,S,South Blvd (Howard-Loop-bound),South Boulevard,South Boulevard (Purple Line),40840,False,False,False,False,False,True,True,False,False,False,"42.027612, -87.678329",42.027612,-87.678329,0
127,30052,N,Main (Linden-bound),Main,Main (Purple Line),40270,False,False,False,False,False,True,True,False,False,False,"42.033456, -87.679538",42.033456,-87.679538,0
128,30106,S,Wilson (95th-bound),Wilson,Wilson (Red & Purple lines),40540,True,True,False,False,False,False,False,False,False,False,"41.964273, -87.657588",41.964273,-87.657588,3
129,30110,S,Jackson/State (95th-bound),Jackson,Jackson (Red Line),40560,True,True,False,False,False,False,False,False,False,False,"41.878153, -87.627596",41.878153,-87.627596,32
130,30273,N,Addison (Howard-bound),Addison,Addison (Red Line),41420,True,True,False,False,False,False,False,False,False,False,"41.947428, -87.653626",41.947428,-87.653626,6
131,30229,N,Argyle (Howard-bound),Argyle,Argyle (Red Line),41200,False,True,False,False,False,False,False,False,False,False,"41.973453, -87.65853",41.973453,-87.65853,3
132,30165,E,H.W. Library (Outer Loop),Harold Washington Library-State/Van Buren,"Harold Washington Library-State/Van Buren (Brown, Orange, Purple & Pink lines)",40850,True,False,False,False,True,False,False,False,False,False,"41.876862, -87.628196",41.876862,-87.628196,32
133,30016,N,Sheridan (Howard-bound),Sheridan,Sheridan (Red Line),40080,False,True,False,False,False,False,False,False,False,False,"41.953775, -87.654929",41.953775,-87.654929,6
134,30001,E,Austin (O'Hare-bound),Austin,Austin (Blue Line),40010,False,False,True,False,False,False,False,False,False,False,"41.870851, -87.776812",41.870851,-87.776812,0
135,30107,N,Irving Park (O'Hare Branch) (O'Hare-bound),Irving Park,Irving Park (Blue Line),40550,False,False,True,False,False,False,False,False,False,False,"41.952925, -87.729229",41.952925,-87.729229,16
136,30072,N,Washington (O'Hare-bound),Washington,Washington (Blue Line),40370,False,False,True,False,False,False,False,False,False,False,"41.883164, -87.62944",41.883164,-87.62944,32
137,30055,W,Central (Harlem-bound),Central,Central (Green Line),40280,True,False,False,True,False,False,False,False,False,False,"41.887389, -87.76565",41.887389,-87.76565,25
138,30048,E,Kedzie-Homan (O'Hare-bound),Kedzie-Homan,Kedzie-Homan (Blue Line),40250,True,False,True,False,False,False,False,False,False,False,"41.874341, -87.70604",41.874341,-87.70604,27
139,30385,S,Wilson (Loop-bound),Wilson,Wilson (Red & Purple lines),40540,True,False,False,False,False,False,True,False,False,False,"41.964273, -87.657588",41.964273,-87.657588,3
140,30177,N,63rd (Howard-bound),63rd,63rd (Red Line),40910,True,True,False,False,False,False,False,False,False,False,"41.780536, -87.630952",41.780536,-87.630952,68
141,30166,W,H.W. Library (Inner Loop),Harold Washington Library-State/Van Buren,"Harold Washington Library-State/Van Buren (Brown, Orange, Purple & Pink lines)",40850,True,False,False,False,False,False,True,False,True,True,"41.876862, -87.628196",41.876862,-87.628196,32
142,30219,N,Kedzie (Loop-bound),Kedzie,Kedzie (Orange Line),41150,True,False,False,False,False,False,False,False,False,True,"41.804236, -87.704406",41.804236,-87.704406,58
143,30135,E,Laramie (63rd-bound),Laramie,Laramie (Green Line),40700,True,False,False,True,False,False,False,False,False,False,"41.887163, -87.754986",41.887163,-87.754986,25
144,30276,S,87th (95th-bound),87th,87th (Red Line),41430,True,True,False,False,False,False,False,False,False,False,"41.735372, -87.624717",41.735372,-87.624717,44
145,30002,W,Austin (Forest Pk-bound),Austin,Austin (Blue Line),40010,False,False,True,False,False,False,False,False,False,False,"41.870851, -87.776812",41.870851,-87.776812,0
146,30043,W,Western (Forest Pk Branch) (Forest Pk-bound),Western,Western (Blue Line - Forest Park Branch),40220,False,False,True,False,False,False,False,False,False,False,"41.875478, -87.688436",41.875478,-87.688436,28
147,30283,N,Western (Kimball-bound),Western,Western (Brown Line),41480,True,False,False,False,True,False,False,False,False,False,"41.966163, -87.688502",41.966163,-87.688502,4
148,30111,N,California (O'Hare-bound),California,California (Blue Line),40570,False,False,True,False,False,False,False,False,False,False,"41.921939, -87.69689",41.921939,-87.69689,22
149,30076,E,Forest Park (O'Hare-bound),Forest Park,Forest Park (Blue Line),40390,True,False,True,False,False,False,False,False,False,False,"41.874257, -87.817318",41.874257,-87.817318,0
150,30383,N,Washington/Wabash (Outer Loop),Washington/Wabash,"Washington/Wabash (Brown, Green, Orange, Purple & Pink lines)",41700,True,False,False,True,True,False,False,False,False,False,"41.88322, -87.626189",41.88322,-87.626189,32
151,30053,S,Main (Howard-Loop-bound),Main,Main (Purple Line),40270,False,False,False,False,False,True,True,False,False,False,"42.033456, -87.679538",42.033456,-87.679538,0
152,30159,N,Rosemont (O'Hare-bound),Rosemont,Rosemont (Blue Line),40820,True,False,True,False,False,False,False,False,False,False,"41.983507, -87.859388",41.983507,-87.859388,0
153,30132,S,Adams/Wabash (Inner Loop),Adams/Wabash,"Adams/Wabash (Brown, Green, Orange, Pink & Purple lines)",40680,False,False,False,True,False,False,True,False,True,True,"41.879507, -87.626037",41.879507,-87.626037,32
154,30194,S,Cermak-Chinatown (95th-bound),Cermak-Chinatown,Cermak-Chinatown (Red Line),41000,True,True,False,False,False,False,False,False,False,False,"41.853206, -87.630968",41.853206,-87.630968,34
155,30025,S,51st (63rd-bound),51st,51st (Green Line),40130,True,False,False,True,False,False,False,False,False,False,"41.80209, -87.618487",41.80209,-87.618487,38
156,30067,S,Berwyn (95th-bound),Berwyn,Berwyn (Red Line),40340,False,True,False,False,False,False,False,False,False,False,"41.977984, -87.658668",41.977984,-87.658668,77
157,30145,N,Harlem (O'Hare Branch) (O'Hare-bound),Harlem,Harlem (Blue Line - O'Hare Branch),40750,True,False,True,False,False,False,False,False,False,False,"41.98227, -87.8089",41.98227,-87.8089,10
158,30012,N,Belmont (O'Hare Branch) (O'Hare-bound),Belmont,Belmont (Blue Line),40060,False,False,True,False,False,False,False,False,False,False,"41.938132, -87.712359",41.938132,-87.712359,21
159,30199,E,Polk (Loop-bound),Polk,Polk (Pink Line),41030,True,False,False,False,False,False,False,False,True,False,"41.871551, -87.66953",41.871551,-87.66953,28
160,30049,W,Kedzie-Homan (Forest Pk-bound),Kedzie-Homan,Kedzie-Homan (Blue Line),40250,True,False,True,False,False,False,False,False,False,False,"41.874341, -87.70604",41.874341,-87.70604,27
161,30121,N,Clark/Division (Howard-bound),Clark/Division,Clark/Division (Red Line),40630,True,True,False,False,False,False,False,False,False,False,"41.90392, -87.631412",41.90392,-87.631412,8
162,30059,S,Indiana (63rd-bound),Indiana,Indiana (Green Line),40300,True,False,False,True,False,False,False,False,False,False,"41.821732, -87.621371",41.821732,-87.621371,38
163,30117,E,Kostner (Loop-bound),Kostner,Kostner (Pink Line),40600,True,False,False,False,False,False,False,False,True,False,"41.853751, -87.733258",41.853751,-87.733258,29
164,30226,S,Kedzie (Loop-bound),Kedzie,Kedzie (Brown Line),41180,True,False,False,False,True,False,False,False,False,False,"41.965996, -87.708821",41.965996,-87.708821,14
165,30027,S,Dempster-Skokie (Howard-bound),Dempster-Skokie,Dempster-Skokie  (Yellow Line),40140,True,False,False,False,False,False,False,True,False,False,"42.038951, -87.751919",42.038951,-87.751919,0
166,30296,W,Morgan (Harlem-54th/Cermak-bound),Morgan,Morgan (Green & Pink lines),41510,True,False,False,True,False,False,False,False,True,False,"41.885586, -87.652193",41.885586,-87.652193,28
167,30170,S,Thorndale (95th-bound),Thorndale,Thorndale (Red Line),40880,False,True,False,False,False,False,False,False,False,False,"41.990259, -87.659076",41.990259,-87.659076,77
168,30187,E,Cicero (O'Hare-bound),Cicero,Cicero (Blue Line),40970,False,False,True,False,False,False,False,False,False,False,"41.871574, -87.745154",41.871574,-87.745154,25
169,30297,N,Oakton-Skokie (Dempster-Skokie-bound),Oakton-Skokie,Oakton-Skokie (Yellow Line),41680,True,False,False,False,False,False,False,True,False,False,"42.02624348, -87.74722084",42.02624348,-87.74722084,0
170,30138,S,Chicago (Loop-bound),Chicago,Chicago (Brown & Purple lines),40710,True,False,False,False,True,False,True,False,False,False,"41.89681, -87.635924",41.89681,-87.635924,8
171,30246,S,43rd (63rd-bound),43rd,43rd (Green Line),41270,True,False,False,True,False,False,False,False,False,False,"41.816462, -87.619021",41.816462,-87.619021,38
172,30028,E,Pulaski (Loop-bound),Pulaski,Pulaski (Pink Line),40150,True,False,False,False,False,False,False,False,True,False,"41.853732, -87.724311",41.853732,-87.724311,29
173,30033,W,Ashland (Harlem-54th/Cermak-bound),Ashland,Ashland (Green & Pink lines),40170,True,False,False,True,False,False,False,False,True,False,"41.885269, -87.666969",41.885269,-87.666969,28
174,30140,W,Cottage Grove (Harlem-bound),Cottage Grove,Cottage Grove (Green Line),40720,True,False,False,True,False,False,False,False,False,False,"41.780309, -87.605857",41.780309,-87.605857,42
175,30037,S,Sox-35th (95th-bound),Sox-35th,Sox-35th (Red Line),40190,True,True,False,False,False,False,False,False,False,False,"41.831191, -87.630636",41.831191,-87.630636,34
176,30182,S,Midway (Arrival),Midway,Midway (Orange Line),40930,True,False,False,False,False,False,False,False,False,True,"41.78661, -87.737875",41.78661,-87.737875,56
177,30116,S,Damen/Milwaukee (Forest Pk-bound),Damen,Damen (Blue Line),40590,False,False,True,False,False,False,False,False,False,False,"41.909744, -87.677437",41.909744,-87.677437,24
178,30215,N,Halsted (Loop-bound),Halsted,Halsted (Orange Line),41130,True,False,False,False,False,False,False,False,False,True,"41.84678, -87.648088",41.84678,-87.648088,60
179,30212,S,Monroe (95th-bound),Monroe,Monroe (Red Line),41090,False,True,False,False,False,False,False,False,False,False,"41.880745, -87.627696",41.880745,-87.627696,32
180,30075,W,Clark/Lake (Outer Loop),Clark/Lake,"Clark/Lake (Blue, Brown, Green, Orange, Purple & Pink lines)",40380,True,False,False,True,True,False,False,False,False,False,"41.885737, -87.630886",41.885737,-87.630886,32
181,30241,N,Central (Linden-bound),Central,Central (Purple Line),41250,False,False,False,False,False,True,True,False,False,False,"42.063987, -87.685617",42.063987,-87.685617,0
182,30005,E,Pulaski (63rd-bound),Pulaski,Pulaski (Green Line),40030,True,False,False,True,False,False,False,False,False,False,"41.885412, -87.725404",41.885412,-87.725404,26
183,30120,W,Ridgeland (Harlem-bound),Ridgeland,Ridgeland (Green Line),40610,False,False,False,True,False,False,False,False,False,False,"41.887159, -87.783661",41.887159,-87.783661,0
184,30176,S,Howard (Terminal arrival),Howard,"Howard (Red, Purple & Yellow lines)",40900,True,False,False,False,False,True,True,True,False,False,"42.019063, -87.672892",42.019063,-87.672892,1
185,30204,S,Linden (Howard-Loop-bound),Linden,Linden (Purple Line),41050,True,False,False,False,False,True,True,False,False,False,"42.073153, -87.69073",42.073153,-87.69073,0
186,30010,N,Davis (Linden-bound),Davis,Davis (Purple Line),40050,True,False,False,False,False,True,True,False,False,False,"42.04771, -87.683543",42.04771,-87.683543,0
187,30223,N,Garfield (Howard-bound),Garfield,Garfield (Red Line),41170,True,True,False,False,False,False,False,False,False,False,"41.79542, -87.631157",41.79542,-87.631157,37
188,30073,S,Washington (Forest Pk-bound),Washington,Washington (Blue Line),40370,False,False,True,False,False,False,False,False,False,False,"41.883164, -87.62944",41.883164,-87.62944,32
189,30126,S,North/Clybourn (95th-bound),North/Clybourn,North/Clybourn (Red Line),40650,False,True,False,False,False,False,False,False,False,False,"41.910655, -87.649177",41.910655,-87.649177,8
190,30065,S,Grand/State (95th-bound),Grand,Grand (Red Line),40330,True,True,False,False,False,False,False,False,False,False,"41.891665, -87.628021",41.891665,-87.628021,8
191,30105,N,Wilson (Howard-bound),Wilson,Wilson (Red & Purple lines),40540,True,True,False,False,False,False,False,False,False,False,"41.964273, -87.657588",41.964273,-87.657588,3
192,30035,W,Oak Park (Forest Pk-bound),Oak Park,Oak Park (Blue Line),40180,False,False,True,False,False,False,False,False,False,False,"41.872108, -87.791602",41.872108,-87.791602,0
193,30023,S,35th/Archer (Midway-bound),35th/Archer,35th/Archer (Orange Line),40120,True,False,False,False,False,False,False,False,False,True,"41.829353, -87.680622",41.829353,-87.680622,59
194,30163,N,South Blvd (Linden-bound),South Boulevard,South Boulevard (Purple Line),40840,False,False,False,False,False,True,True,False,False,False,"42.027612, -87.678329",42.027612,-87.678329,0
195,30006,W,Pulaski (Harlem-bound),Pulaski,Pulaski (Green Line),40030,True,False,False,True,False,False,False,False,False,False,"41.885412, -87.725404",41.885412,-87.725404,26
196,30188,W,Cicero (Forest Pk-bound),Cicero,Cicero (Blue Line),40970,False,False,True,False,False,False,False,False,False,False,"41.871574, -87.745154",41.871574,-87.745154,25
197,30109,N,Jackson/State (Howard-bound),Jackson,Jackson (Red Line),40560,True,True,False,False,False,False,False,False,False,False,"41.878153, -87.627596",41.878153,-87.627596,32
198,30230,S,Argyle (95th-bound),Argyle,Argyle (Red Line),41200,False,True,False,False,False,False,False,False,False,False,"41.973453, -87.65853",41.973453,-87.65853,3
199,30281,N,Irving Park (Kimball-bound),Irving Park,Irving Park (Brown Line),41460,True,False,False,False,True,False,False,False,False,False,"41.954521, -87.674868",41.954521,-87.674868,5
200,30080,N,Roosevelt (Loop-Harlem-bound),Roosevelt,"Roosevelt (Red, Orange & Green lines)",41400,True,False,False,True,False,False,False,False,False,True,"41.867405, -87.62659",41.867405,-87.62659,33
201,30181,N,Midway (Loop-bound),Midway,Midway (Orange Line),40930,True,False,False,False,False,False,False,False,False,True,"41.78661, -87.737875",41.78661,-87.737875,56
202,30026,N,Dempster-Skokie (Arrival),Dempster-Skokie,Dempster-Skokie  (Yellow Line),40140,True,False,False,False,False,False,False,True,False,False,"42.038951, -87.751919",42.038951,-87.751919,0
203,30167,N,Francisco (Kimball-bound),Francisco,Francisco (Brown Line),40870,True,False,False,False,True,False,False,False,False,False,"41.966046, -87.701644",41.966046,-87.701644,14
204,30030,E,LaSalle/Van Buren (Outer Loop),LaSalle/Van Buren,"LaSalle/Van Buren (Brown, Orange, Purple & Pink lines)",40160,False,False,False,False,True,False,False,False,False,False,"41.8768, -87.631739",41.8768,-87.631739,32
205,30146,S,Harlem (O'Hare Branch) (Forest Pk-bound),Harlem,Harlem (Blue Line - O'Hare Branch),40750,True,False,True,False,False,False,False,False,False,False,"41.98227, -87.8089",41.98227,-87.8089,10
206,30013,S,Belmont (O'Hare Branch) (Forest Pk-bound),Belmont,Belmont (Blue Line),40060,False,False,True,False,False,False,False,False,False,False,"41.938132, -87.712359",41.938132,-87.712359,21
207,30086,E,California (Loop-bound),California,California (Pink Line),40440,True,False,False,False,False,False,False,False,True,False,"41.854109, -87.694774",41.854109,-87.694774,30
208,30143,E,Western (Loop-bound),Western,Western (Pink Line),40740,True,False,False,False,False,False,False,False,True,False,"41.854225, -87.685129",41.854225,-87.685129,31
209,30192,S,69th (95th-bound),69th,69th (Red Line),40990,True,True,False,False,False,False,False,False,False,False,"41.768367, -87.625724",41.768367,-87.625724,69
210,30141,N,Washington/Wells (Inner Loop),Washington/Wells,"Washington/Wells (Brown, Orange, Purple & Pink lines)",40730,True,False,False,False,False,False,True,False,True,True,"41.882695, -87.63378",41.882695,-87.63378,32
211,30286,S,Harrison (95th-bound),Harrison,Harrison (Red Line),41490,False,True,False,False,False,False,False,False,False,False,"41.874039, -87.627479",41.874039,-87.627479,32
212,30221,E,Clinton (Loop-63rd-bound),Clinton,Clinton (Green & Pink lines),41160,True,False,False,True,False,False,False,False,True,False,"41.885678, -87.641782",41.885678,-87.641782,28
213,30294,S,Sheridan (Loop-bound),Sheridan,Sheridan (Red Line),40080,False,False,False,False,False,False,False,False,False,False,"41.953775, -87.654929",41.953775,-87.654929,6
214,30258,S,Belmont (Loop-bound),Belmont,"Belmont (Red, Brown & Purple lines)",41320,True,False,False,False,True,False,True,False,False,False,"41.939751, -87.65338",41.939751,-87.65338,6
215,30242,S,Central (Howard-Loop-bound),Central,Central (Purple Line),41250,False,False,False,False,False,True,True,False,False,False,"42.063987, -87.685617",42.063987,-87.685617,0
216,30203,N,Linden (Linden-bound),Linden,Linden (Purple Line),41050,True,False,False,False,False,True,True,False,False,False,"42.073153, -87.69073",42.073153,-87.69073,0
217,30220,S,Kedzie (Midway-bound),Kedzie,Kedzie (Orange Line),41150,True,False,False,False,False,False,False,False,False,True,"41.804236, -87.704406",41.804236,-87.704406,58
218,30250,S,Kimball (Loop-bound),Kimball,Kimball (Brown Line),41290,True,False,False,False,True,False,False,False,False,False,"41.967901, -87.713065",41.967901,-87.713065,14
219,30178,S,63rd (95th-bound),63rd,63rd (Red Line),40910,True,True,False,False,False,False,False,False,False,False,"41.780536, -87.630952",41.780536,-87.630952,68
220,30234,S,Fullerton (95th-bound),Fullerton,"Fullerton (Red, Brown & Purple lines)",41220,True,True,False,False,False,False,False,False,False,False,"41.925051, -87.652866",41.925051,-87.652866,7
221,30278,S,Addison (Loop-bound),Addison,Addison (Brown Line),41440,True,False,False,False,True,False,False,False,False,False,"41.947028, -87.674642",41.947028,-87.674642,5
222,30174,S,Howard (95th-Bound),Howard,"Howard (Red, Purple & Yellow lines)",40900,True,True,False,False,False,False,False,False,False,False,"42.019063, -87.672892",42.019063,-87.672892,1
223,30238,S,47th (95th-bound),47th,47th (Red Line),41230,True,True,False,False,False,False,False,False,False,False,"41.810318, -87.63094",41.810318,-87.63094,37
224,30382,S,Cermak-McCormick Place (63rd-bound),Cermak-McCormick Place,Cermak-McCormick Place (Green Line),41690,True,False,False,True,False,False,False,False,False,False,"41.853115, -87.626402",41.853115,-87.626402,33
225,30208,W,Kedzie (Harlem-bound),Kedzie,Kedzie (Green Line),41070,True,False,False,True,False,False,False,False,False,False,"41.884321, -87.706155",41.884321,-87.706155,27
226,30189,E,Harlem (Forest Pk Branch) (O'Hare-bound),Harlem,Harlem (Blue Line - Forest Park Branch),40980,False,False,True,False,False,False,False,False,False,False,"41.87349, -87.806961",41.87349,-87.806961,0
227,30056,E,Ashland/63rd (Harlem-bound),Ashland/63rd,Ashland/63rd (Green Line),40290,True,False,False,True,False,False,False,False,False,False,"41.77886, -87.663766",41.77886,-87.663766,67
228,30119,E,Ridgeland (63rd-bound),Ridgeland,Ridgeland (Green Line),40610,False,False,False,True,False,False,False,False,False,False,"41.887159, -87.783661",41.887159,-87.783661,0
229,30298,S,Oakton-Skokie (Howard-bound),Oakton-Skokie,Oakton-Skokie (Yellow Line),41680,True,False,False,False,False,False,False,True,False,False,"42.02624348, -87.74722084",42.02624348,-87.74722084,0
230,30139,E,Cottage Grove (Terminal arrival),Cottage Grove,Cottage Grove (Green Line),40720,True,False,False,True,False,False,False,False,False,False,"41.780309, -87.605857",41.780309,-87.605857,42
231,30122,S,Clark/Division (95th-bound),Clark/Division,Clark/Division (Red Line),40630,True,True,False,False,False,False,False,False,False,False,"41.90392, -87.631412",41.90392,-87.631412,8
232,30251,N,Loyola (Howard-bound),Loyola,Loyola (Red Line),41300,True,True,False,False,False,False,False,False,False,False,"42.001073, -87.661061",42.001073,-87.661061,1
233,30295,E,Morgan (Loop-63rd-bound),Morgan,Morgan (Green & Pink lines),41510,True,False,False,True,False,False,False,False,True,False,"41.885586, -87.652193",41.885586,-87.652193,28
234,30019,S,Damen (Loop-bound),Damen,Damen (Brown Line),40090,True,False,False,False,True,False,False,False,False,False,"41.966286, -87.678639",41.966286,-87.678639,4
235,30205,N,Ashland (Loop-bound),Ashland,Ashland (Orange Line),41060,True,False,False,False,False,False,False,False,False,True,"41.839234, -87.665317",41.839234,-87.665317,31
236,30131,N,Adams/Wabash (Outer Loop),Adams/Wabash,"Adams/Wabash (Brown, Green, Orange, Pink & Purple lines)",40680,False,False,False,True,True,False,False,False,False,False,"41.879507, -87.626037",41.879507,-87.626037,32
237,30160,S,Rosemont (Forest Pk-bound),Rosemont,Rosemont (Blue Line),40820,True,False,True,False,False,False,False,False,False,False,"41.983507, -87.859388",41.983507,-87.859388,0
238,30058,N,Indiana (Harlem-bound),Indiana,Indiana (Green Line),40300,True,False,False,True,False,False,False,False,False,False,"41.821732, -87.621371",41.821732,-87.621371,38
239,30118,W,Kostner (54th/Cermak-bound),Kostner,Kostner (Pink Line),40600,True,False,False,False,False,False,False,False,True,False,"41.853751, -87.733258",41.853751,-87.733258,29
240,30066,N,Berwyn (Howard-bound),Berwyn,Berwyn (Red Line),40340,False,True,False,False,False,False,False,False,False,False,"41.977984, -87.658668",41.977984,-87.658668,77
241,30103,N,Diversey (Kimball-Linden-bound),Diversey,Diversey (Brown & Purple lines),40530,True,False,False,False,True,False,True,False,False,False,"41.932732, -87.653131",41.932732,-87.653131,6
242,30247,N,Jefferson Park (O'Hare-bound),Jefferson Park,Jefferson Park (Blue Line),41280,True,False,True,False,False,False,False,False,False,False,"41.970634, -87.760892",41.970634,-87.760892,11
243,30183,E,Halsted/63rd (Harlem-bound),Halsted,Halsted (Green Line),40940,True,False,False,True,False,False,False,False,False,False,"41.778943, -87.644244",41.778943,-87.644244,68
244,30275,N,87th (Howard-bound),87th,87th (Red Line),41430,True,True,False,False,False,False,False,False,False,False,"41.735372, -87.624717",41.735372,-87.624717,44
245,30210,S,47th (63rd-bound),47th,47th (Green Line),41080,True,False,False,True,False,False,False,False,False,False,"41.809209, -87.618826",41.809209,-87.618826,38
246,30271,N,Chicago (O'Hare-bound),Chicago,Chicago (Blue Line),41410,False,False,True,False,False,False,False,False,False,False,"41.896075, -87.655214",41.896075,-87.655214,24
247,30284,S,Western (Loop-bound),Western,Western (Brown Line),41480,True,False,False,False,True,False,False,False,False,False,"41.966163, -87.688502",41.966163,-87.688502,4
248,30077,W,Forest Park (Terminal Arrival),Forest Park,Forest Park (Blue Line),40390,True,False,True,False,False,False,False,False,False,False,"41.874257, -87.817318",41.874257,-87.817318,0
249,30112,S,California (Forest Pk-bound),California,California  (Blue Line),40570,False,False,True,False,False,False,False,False,False,False,"41.921939, -87.69689",41.921939,-87.69689,22
250,30254,S,Paulina (Loop-bound),Paulina,Paulina (Brown Line),41310,True,False,False,False,True,False,False,False,False,False,"41.943623, -87.670907",41.943623,-87.670907,6
251,30007,N,Quincy/Wells (Inner Loop),Quincy/Wells,"Quincy/Wells (Brown, Orange, Purple & Pink lines)",40040,True,False,False,False,False,False,True,False,True,True,"41.878723, -87.63374",41.878723,-87.63374,32
252,30091,S,Merchandise Mart (Loop-bound),Merchandise Mart,Merchandise Mart (Brown & Purple lines),40460,True,False,False,False,True,False,True,False,False,False,"41.888969, -87.633924",41.888969,-87.633924,8
253,30051,W,State/Lake (Outer Loop),State/Lake,"State/Lake (Brown, Green, Orange, Pink & Purple lines)",40260,False,False,False,True,True,False,False,False,False,False,"41.88574, -87.627835",41.88574,-87.627835,32
254,30094,E,Cicero (63rd-bound),Cicero,Cicero (Green Line),40480,True,False,False,True,False,False,False,False,False,False,"41.886519, -87.744698",41.886519,-87.744698,25
255,30260,S,Montrose (Forest Pk-bound),Montrose,Montrose (Blue Line),41330,False,False,True,False,False,False,False,False,False,False,"41.961539, -87.743574",41.961539,-87.743574,16
256,30042,E,Western (Forest Pk Branch) (O'Hare-bound),Western,Western (Blue Line - Forest Park Branch),40220,False,False,True,False,False,False,False,False,False,False,"41.875478, -87.688436",41.875478,-87.688436,28
257,30285,N,Harrison (Howard-bound),Harrison,Harrison (Red Line),41490,False,True,False,False,False,False,False,False,False,False,"41.874039, -87.627479",41.874039,-87.627479,32
258,30127,N,Armitage (Kimball-Linden-bound),Armitage,Armitage (Brown & Purple lines),40660,True,False,False,False,True,False,True,False,False,False,"41.918217, -87.652644",41.918217,-87.652644,7
259,30227,N,Jarvis (Howard-bound),Jarvis,Jarvis (Red Line),41190,False,True,False,False,False,False,False,False,False,False,"42.015876, -87.669092",42.015876,-87.669092,1
260,30017,S,Sheridan (95th-bound),Sheridan,Sheridan (Red Line),40080,False,True,False,False,False,False,False,False,False,False,"41.953775, -87.654929",41.953775,-87.654929,6
261,30003,E,Harlem (63rd-bound),Harlem/Lake,Harlem/Lake (Green Line),40020,True,False,False,True,False,False,False,False,False,False,"41.886848, -87.803176",41.886848,-87.803176,0
262,30277,N,Addison (Kimball-bound),Addison,Addison (Brown Line),41440,True,False,False,False,True,False,False,False,False,False,"41.947028, -87.674642",41.947028,-87.674642,5
263,30255,N,Belmont (Howard-bound),Belmont,"Belmont (Red, Brown & Purple lines)",41320,True,True,False,False,False,False,False,False,False,False,"41.939751, -87.65338",41.939751,-87.65338,6
264,30136,W,Laramie (Harlem-bound),Laramie,Laramie (Green Line),40700,True,False,False,True,False,False,False,False,False,False,"41.887163, -87.754986",41.887163,-87.754986,25
265,30249,N,Kimball (Terminal arrival),Kimball,Kimball (Brown Line),41290,True,False,False,False,True,False,False,False,False,False,"41.967901, -87.713065",41.967901,-87.713065,14
266,30191,N,69th (Howard-bound),69th,69th (Red Line),40990,True,True,False,False,False,False,False,False,False,False,"41.768367, -87.625724",41.768367,-87.625724,69
267,30050,E,State/Lake (Inner Loop),State/Lake,"State/Lake (Brown, Green, Orange, Pink & Purple lines)",40260,False,False,False,True,False,False,True,False,True,True,"41.88574, -87.627835",41.88574,-87.627835,32
268,30153,N,Monroe (O'Hare-bound),Monroe,Monroe (Blue Line),40790,False,False,True,False,False,False,False,False,False,False,"41.880703, -87.629378",41.880703,-87.629378,32
269,30040,E,Damen (Loop-bound),Damen,Damen (Pink Line),40210,True,False,False,False,False,False,False,False,True,False,"41.854517, -87.675975",41.854517,-87.675975,31
270,30179,E,Pulaski (O'Hare-bound),Pulaski,Pulaski (Blue Line),40920,False,False,True,False,False,False,False,False,False,False,"41.873797, -87.725663",41.873797,-87.725663,26
271,30186,S,Pulaski (Midway-bound),Pulaski,Pulaski (Orange Line),40960,True,False,False,False,False,False,False,False,False,True,"41.799756, -87.724493",41.799756,-87.724493,62
272,30213,N,35-Bronzeville-IIT (Harlem-bound),35th-Bronzeville-IIT,35th-Bronzeville-IIT (Green Line),41120,True,False,False,True,False,False,False,False,False,False,"41.831677, -87.625826",41.831677,-87.625826,35
273,30144,W,Western (54th/Cermak-bound),Western,Western (Pink Line),40740,True,False,False,False,False,False,False,False,True,False,"41.854225, -87.685129",41.854225,-87.685129,31
274,30235,N,Fullerton (Kimball-Linden-bound),Fullerton,"Fullerton (Red, Brown & Purple lines)",41220,True,False,False,False,True,False,True,False,False,False,"41.925051, -87.652866",41.925051,-87.652866,7
275,30148,S,Granville (95th-bound),Granville,Granville (Red Line),40760,True,True,False,False,False,False,False,False,False,False,"41.993664, -87.659202",41.993664,-87.659202,77
276,30071,S,Southport (Loop-bound),Southport,Southport (Brown Line),40360,True,False,False,False,True,False,False,False,False,False,"41.943744, -87.663619",41.943744,-87.663619,6
277,30280,S,Chicago (95th-bound),Chicago,Chicago (Red Line),41450,True,True,False,False,False,False,False,False,False,False,"41.896671, -87.628176",41.896671,-87.628176,8
278,30031,W,LaSalle/Van Buren (Inner Loop),LaSalle/Van Buren,"LaSalle/Van Buren (Brown, Orange, Purple & Pink lines)",40160,False,False,False,False,False,False,True,False,True,True,"41.8768, -87.631739",41.8768,-87.631739,32
279,30222,W,Clinton (Harlem-54th/Cermak-bound),Clinton,Clinton (Green & Pink lines),41160,True,False,False,True,False,False,False,False,True,False,"41.885678, -87.641782",41.885678,-87.641782,28
280,30142,S,Washington/Wells (Outer Loop),Washington/Wells,"Washington/Wells (Brown, Orange, Purple & Pink lines)",40730,True,False,False,False,True,False,False,False,False,False,"41.882695, -87.63378",41.882695,-87.63378,32
281,30224,S,Garfield (95th-bound),Garfield,Garfield (Red Line),41170,True,True,False,False,False,False,False,False,False,False,"41.79542, -87.631157",41.79542,-87.631157,37
282,30244,W,Austin (Harlem-bound),Austin,Austin (Green Line),41260,False,False,False,True,False,False,False,False,False,False,"41.887293, -87.774135",41.887293,-87.774135,25
283,30113,E,54th/Cermak (Loop-bound),54th/Cermak,54th/Cermak (Pink Line),40580,True,False,False,False,False,False,False,False,True,False,"41.85177331, -87.75669201",41.85177331,-87.75669201,0
284,30282,S,Irving Park (Loop-bound),Irving Park,Irving Park (Brown Line),41460,True,False,False,False,True,False,False,False,False,False,"41.954521, -87.674868",41.954521,-87.674868,5
285,30197,N,Logan Square (O'Hare-bound),Logan Square,Logan Square (Blue Line),41020,True,False,True,False,False,False,False,False,False,False,"41.929728, -87.708541",41.929728,-87.708541,22
286,30152,W,Central Park (54th/Cermak-bound),Central Park,Central Park (Pink Line),40780,True,False,False,False,False,False,False,False,True,False,"41.853839, -87.714842",41.853839,-87.714842,29
287,30087,W,California (54th/Cermak-bound),California,California (Pink Line),40440,True,False,False,False,False,False,False,False,True,False,"41.854109, -87.694774",41.854109,-87.694774,30
288,30201,E,Kedzie (Loop-bound),Kedzie,Kedzie (Pink Line),41040,True,False,False,False,False,False,False,False,True,False,"41.853964, -87.705408",41.853964,-87.705408,29
289,30069,W,UIC-Halsted (Forest Pk-bound),UIC-Halsted,UIC-Halsted (Blue Line),40350,True,False,True,False,False,False,False,False,False,False,"41.875474, -87.649707",41.875474,-87.649707,28
290,30074,E,Clark/Lake (Inner Loop),Clark/Lake,"Clark/Lake (Blue, Brown, Green, Orange, Purple & Pink lines)",40380,True,False,False,True,False,False,True,False,True,True,"41.885737, -87.630886",41.885737,-87.630886,32
291,30133,N,Dempster (Linden-bound),Dempster,Dempster (Purple Line),40690,False,False,False,False,False,True,True,False,False,False,"42.041655, -87.681602",42.041655,-87.681602,0
292,30081,S,Roosevelt (Midway-63rd-bound),Roosevelt,"Roosevelt (Red, Orange & Green lines)",41400,True,False,False,True,False,False,False,False,False,True,"41.867405, -87.62659",41.867405,-87.62659,33
293,30034,E,Oak Park (O'Hare-bound),Oak Park,Oak Park (Blue Line),40180,False,False,True,False,False,False,False,False,False,False,"41.872108, -87.791602",41.872108,-87.791602,0
294,30168,S,Francisco (Loop-bound),Francisco,Francisco (Brown Line),40870,True,False,False,False,True,False,False,False,False,False,"41.966046, -87.701644",41.966046,-87.701644,14
295,30009,W,Cicero (Harlem-bound),Cicero,Cicero (Green Line),40480,True,False,False,True,False,False,False,False,False,False,"41.886519, -87.744698",41.886519,-87.744698,25
296,30259,N,Montrose (O'Hare-bound),Montrose,Montrose (Blue Line),41330,False,False,True,False,False,False,False,False,False,False,"41.961539, -87.743574",41.961539,-87.743574,16
297,30125,N,North/Clybourn (Howard-bound),North/Clybourn,North/Clybourn (Red Line),40650,False,True,False,False,False,False,False,False,False,False,"41.910655, -87.649177",41.910655,-87.649177,8
298,30172,S,O'Hare (Forest Pk-bound),O'Hare,O'Hare (Blue Line),40890,True,False,True,False,False,False,False,False,False,False,"41.97766526, -87.90422307",41.97766526,-87.90422307,76
299,30045,S,Cumberland (Forest Pk-bound),Cumberland,Cumberland (Blue Line),40230,True,False,True,False,False,False,False,False,False,False,"41.984246, -87.838028",41.984246,-87.838028,76
